Net_15	Net_15	Net_15
COQ3	COQ7	0.999999999958926
COQ3	COQ6	0.999999999999997
COQ3	COQ2	1
COQ7	COQ6	1
COQ7	COQ2	0.999999999999978
COQ6	COQ2	1
