Net_38	Net_38	Net_38
PON1	PON2	1
PON1	PON3	0.999999999999909
PON1	AKR1B10	1
PON2	PON3	0.999997973634523
PON2	AKR1B10	1
PON3	AKR1B10	1
