Net_41	Net_41	Net_41
TAT	FARS2	1
TAT	FARSA	1
TAT	PAH	1
TAT	YARS	1
TAT	GOT1	1
TAT	GOT2	1
FARS2	FARSA	1
FARS2	PAH	1
FARS2	YARS	1
FARS2	GOT1	1
FARS2	GOT2	1
FARSA	PAH	1
FARSA	YARS	0.999999950286145
FARSA	GOT1	1
FARSA	GOT2	0.999999999992924
PAH	YARS	1
PAH	GOT1	0.999999999996979
PAH	GOT2	0.999999999971367
YARS	GOT1	0.999999999999274
YARS	GOT2	0.999999997174936
GOT1	GOT2	0.99999998322377
