Net_43	Net_43	Net_43
CSAD	GAD1	1
CSAD	GAD2	1
CSAD	CDO1	1
CSAD	ADO	1
CSAD	GGT1	1
CSAD	GGT5	1
CSAD	BAAT	1
GAD1	GAD2	1
GAD1	CDO1	0.999999999999509
GAD1	ADO	1
GAD1	GGT1	0.999999999998916
GAD1	GGT5	1
GAD1	BAAT	1
GAD2	CDO1	1
GAD2	ADO	1
GAD2	GGT1	1
GAD2	GGT5	1
GAD2	BAAT	1
CDO1	ADO	1
CDO1	GGT1	0.999999998957497
CDO1	GGT5	0.999999999999999
CDO1	BAAT	0.999999999999968
ADO	GGT1	1
ADO	GGT5	1
ADO	BAAT	1
GGT1	GGT5	1
GGT1	BAAT	1
GGT5	BAAT	0.999999999999998
