Net_47	Net_47	Net_47
GLUD1	GLUD2	0.994695225352962
GLUD1	GLS2	0.999999999999944
GLUD1	GLS	1
GLUD2	GLS2	0.999999999999998
GLUD2	GLS	1
GLS2	GLS	1
