Net_87	Net_87	Net_87
NFS1	TPK1	1
NFS1	LHPP	1
NFS1	MTMR1	1
NFS1	MTMR2	1
NFS1	MTMR6	1
NFS1	THTPA	1
TPK1	LHPP	0.999999999999912
TPK1	MTMR1	1
TPK1	MTMR2	1
TPK1	MTMR6	0.999999999772346
TPK1	THTPA	1
LHPP	MTMR1	1
LHPP	MTMR2	1
LHPP	MTMR6	0.999999999359821
LHPP	THTPA	1
MTMR1	MTMR2	1
MTMR1	MTMR6	1
MTMR1	THTPA	1
MTMR2	MTMR6	0.999999999999999
MTMR2	THTPA	0.999999999999989
MTMR6	THTPA	1
