Net_92	Net_92	Net_92
HLCS	BTD	1
HLCS	SPCS1	1
HLCS	SPCS3	0.999999999999995
BTD	SPCS1	1
BTD	SPCS3	1
SPCS1	SPCS3	0.99999999999898
