Net_98	Net_98	Net_98
IDI1	IDI2	1
IDI1	GGPS1	0.999999953424299
IDI1	FDPS	0.999811140681604
IDI1	FDFT1	0.999829128701054
IDI1	SQLE	0.999999898982732
IDI2	GGPS1	1
IDI2	FDPS	1
IDI2	FDFT1	0.999999999999717
IDI2	SQLE	1
GGPS1	FDPS	0.999999999991204
GGPS1	FDFT1	0.999999999992042
GGPS1	SQLE	0.999999999999995
FDPS	FDFT1	0.999988295491999
FDPS	SQLE	0.999989117131252
FDFT1	SQLE	0.999999931432856
